{"epoch": 31, "train_loss": 0.33757519721984863, "train_accuracy": 0.8444711565971375, "scheduler_lr": 0.002, "best_val_accuracy": 0.4650000035762787, "best_val_loss": Infinity, "best_val_epoch": 0, "patience_counter": 0}