{"epoch": 31, "train_loss": 0.32720211148262024, "train_accuracy": 0.8536538481712341, "scheduler_lr": 0.002, "best_val_accuracy": 0.49000000953674316, "best_val_loss": Infinity, "best_val_epoch": 0, "patience_counter": 0}