{"epoch": 31, "train_loss": 0.47229817509651184, "train_accuracy": 0.7717646956443787, "scheduler_lr": 0.001, "best_val_accuracy": 0.668749988079071, "best_val_loss": Infinity, "best_val_epoch": 0, "patience_counter": 0}