{
  "epoch": 1,
  "train_loss": 0.823566734790802,
  "train_accuracy": 0.5603431463241577,
  "scheduler_lr": 0.001,
  "val_loss": 0.6205276250839233,
  "val_accuracy": 0.6287500262260437,
  "timestamp": 1760642586.6154284,
  "experiment_name": "deepconvnet_lomso_fold027_test27",
  "model_str": "deepconvnet"
}