{"epoch": 31, "train_loss": 0.34621670842170715, "train_accuracy": 0.8458823561668396, "scheduler_lr": 0.001, "best_val_accuracy": 0.6150000095367432, "best_val_loss": Infinity, "best_val_epoch": 0, "patience_counter": 0}