{"epoch": 31, "train_loss": 0.46653708815574646, "train_accuracy": 0.7785784602165222, "scheduler_lr": 0.001, "best_val_accuracy": 0.5899999737739563, "best_val_loss": Infinity, "best_val_epoch": 0, "patience_counter": 0}