{
  "epoch": 31,
  "train_loss": 0.4438121020793915,
  "train_accuracy": 0.79313725233078,
  "scheduler_lr": 0.001,
  "timestamp": 1760786880.9065657,
  "experiment_name": "eegnet_lomso_fold005_test5",
  "model_str": "eegnet"
}