{
  "epoch": 1,
  "train_loss": 0.8050527572631836,
  "train_accuracy": 0.5663725733757019,
  "scheduler_lr": 0.001,
  "val_loss": 0.7540321946144104,
  "val_accuracy": 0.5337499976158142,
  "timestamp": 1760627588.8933258,
  "experiment_name": "deepconvnet_lomso_fold004_test4",
  "model_str": "deepconvnet"
}