{"epoch": 31, "train_loss": 0.3314107656478882, "train_accuracy": 0.8494117856025696, "scheduler_lr": 0.001, "best_val_accuracy": 0.5337499976158142, "best_val_loss": Infinity, "best_val_epoch": 0, "patience_counter": 0}