{
  "epoch": 1,
  "train_loss": 0.8265559077262878,
  "train_accuracy": 0.5016345977783203,
  "scheduler_lr": 0.002,
  "val_loss": 0.7092592120170593,
  "val_accuracy": 0.512499988079071,
  "timestamp": 1760521022.7714822,
  "experiment_name": "labram_lomso_fold045_test45",
  "model_str": "labram"
}