{"epoch": 31, "train_loss": 0.32684141397476196, "train_accuracy": 0.8537980914115906, "scheduler_lr": 0.002, "best_val_accuracy": 0.49000000953674316, "best_val_loss": Infinity, "best_val_epoch": 0, "patience_counter": 0}