{
  "epoch": 1,
  "train_loss": 0.8139525651931763,
  "train_accuracy": 0.5629901885986328,
  "scheduler_lr": 0.001,
  "val_loss": 0.6103919744491577,
  "val_accuracy": 0.6412500143051147,
  "timestamp": 1760639336.345663,
  "experiment_name": "deepconvnet_lomso_fold022_test22",
  "model_str": "deepconvnet"
}