{"epoch": 31, "train_loss": 0.33582067489624023, "train_accuracy": 0.8500000238418579, "scheduler_lr": 0.001, "best_val_accuracy": 0.65625, "best_val_loss": Infinity, "best_val_epoch": 0, "patience_counter": 0}