{
  "epoch": 1,
  "train_loss": 0.6591463685035706,
  "train_accuracy": 0.5917156934738159,
  "scheduler_lr": 0.001,
  "val_loss": 0.5584089756011963,
  "val_accuracy": 0.699999988079071,
  "timestamp": 1760797807.6619759,
  "experiment_name": "eegnet_lomso_fold036_test36",
  "model_str": "eegnet"
}