{"epoch": 31, "train_loss": 0.4516037702560425, "train_accuracy": 0.785588264465332, "scheduler_lr": 0.001, "best_val_accuracy": 0.699999988079071, "best_val_loss": Infinity, "best_val_epoch": 0, "patience_counter": 0}