{
  "epoch": 31,
  "train_loss": 0.4462016522884369,
  "train_accuracy": 0.7921568751335144,
  "scheduler_lr": 0.001,
  "timestamp": 1760786517.0178523,
  "experiment_name": "eegnet_lomso_fold004_test4",
  "model_str": "eegnet"
}