{"epoch": 31, "train_loss": 0.32049641013145447, "train_accuracy": 0.8551923036575317, "scheduler_lr": 0.002, "best_val_accuracy": 0.5274999737739563, "best_val_loss": Infinity, "best_val_epoch": 0, "patience_counter": 0}