{
  "epoch": 31,
  "train_loss": 0.3328026533126831,
  "train_accuracy": 0.8512744903564453,
  "scheduler_lr": 0.001,
  "timestamp": 1760646353.266493,
  "experiment_name": "deepconvnet_lomso_fold032_test32",
  "model_str": "deepconvnet"
}