{
  "epoch": 1,
  "train_loss": 0.8275235295295715,
  "train_accuracy": 0.5615196228027344,
  "scheduler_lr": 0.001,
  "val_loss": 0.6288179159164429,
  "val_accuracy": 0.6399999856948853,
  "timestamp": 1760644508.113569,
  "experiment_name": "deepconvnet_lomso_fold030_test30",
  "model_str": "deepconvnet"
}