{
  "epoch": 1,
  "train_loss": 0.6590674519538879,
  "train_accuracy": 0.5930392146110535,
  "scheduler_lr": 0.001,
  "val_loss": 0.5564666986465454,
  "val_accuracy": 0.699999988079071,
  "timestamp": 1760794555.167944,
  "experiment_name": "eegnet_lomso_fold027_test27",
  "model_str": "eegnet"
}