{"epoch": 31, "train_loss": 0.47997748851776123, "train_accuracy": 0.7666666507720947, "scheduler_lr": 0.001, "best_val_accuracy": 0.699999988079071, "best_val_loss": Infinity, "best_val_epoch": 0, "patience_counter": 0}