{
  "epoch": 31,
  "train_loss": 0.4045933485031128,
  "train_accuracy": 0.8136764764785767,
  "scheduler_lr": 0.001,
  "timestamp": 1760801695.1277854,
  "experiment_name": "eegnet_lomso_fold046_test46",
  "model_str": "eegnet"
}