{"epoch": 31, "train_loss": 0.4045933485031128, "train_accuracy": 0.8136764764785767, "scheduler_lr": 0.001, "best_val_accuracy": 0.7037500143051147, "best_val_loss": Infinity, "best_val_epoch": 0, "patience_counter": 0}