{"epoch": 31, "train_loss": 0.46822530031204224, "train_accuracy": 0.7742156982421875, "scheduler_lr": 0.001, "best_val_accuracy": 0.6612499952316284, "best_val_loss": Infinity, "best_val_epoch": 0, "patience_counter": 0}