{"epoch": 31, "train_loss": 0.3322228789329529, "train_accuracy": 0.8514423370361328, "scheduler_lr": 0.002, "best_val_accuracy": 0.5350000262260437, "best_val_loss": Infinity, "best_val_epoch": 0, "patience_counter": 0}