{
  "epoch": 1,
  "train_loss": 0.8343501091003418,
  "train_accuracy": 0.4955769181251526,
  "scheduler_lr": 0.002,
  "val_loss": 0.7119365930557251,
  "val_accuracy": 0.5199999809265137,
  "timestamp": 1760511912.5662544,
  "experiment_name": "labram_lomso_fold038_test38",
  "model_str": "labram"
}