{"epoch": 31, "train_loss": 0.3352673649787903, "train_accuracy": 0.8487018942832947, "scheduler_lr": 0.002, "best_val_accuracy": 0.5199999809265137, "best_val_loss": Infinity, "best_val_epoch": 0, "patience_counter": 0}