{
  "epoch": 1,
  "train_loss": 0.8562171459197998,
  "train_accuracy": 0.49725961685180664,
  "scheduler_lr": 0.002,
  "val_loss": 0.7105201482772827,
  "val_accuracy": 0.5074999928474426,
  "timestamp": 1760479644.5753162,
  "experiment_name": "labram_lomso_fold008_test8",
  "model_str": "labram"
}