{"epoch": 31, "train_loss": 0.32572034001350403, "train_accuracy": 0.854519248008728, "scheduler_lr": 0.002, "best_val_accuracy": 0.5074999928474426, "best_val_loss": Infinity, "best_val_epoch": 0, "patience_counter": 0}