{
  "epoch": 1,
  "train_loss": 0.821915864944458,
  "train_accuracy": 0.5635294318199158,
  "scheduler_lr": 0.001,
  "val_loss": 0.6141365170478821,
  "val_accuracy": 0.6524999737739563,
  "timestamp": 1760649752.8777242,
  "experiment_name": "deepconvnet_lomso_fold038_test38",
  "model_str": "deepconvnet"
}