{"epoch": 31, "train_loss": 0.3343738615512848, "train_accuracy": 0.8492788672447205, "scheduler_lr": 0.002, "best_val_accuracy": 0.4675000011920929, "best_val_loss": Infinity, "best_val_epoch": 0, "patience_counter": 0}