{"epoch": 31, "train_loss": 0.4692103862762451, "train_accuracy": 0.7754411697387695, "scheduler_lr": 0.001, "best_val_accuracy": 0.7112500071525574, "best_val_loss": Infinity, "best_val_epoch": 0, "patience_counter": 0}