{"epoch": 31, "train_loss": 0.3350387215614319, "train_accuracy": 0.8503845930099487, "scheduler_lr": 0.002, "best_val_accuracy": 0.5149999856948853, "best_val_loss": Infinity, "best_val_epoch": 0, "patience_counter": 0}