{
  "epoch": 31,
  "train_loss": 0.4715403914451599,
  "train_accuracy": 0.774313747882843,
  "scheduler_lr": 0.001,
  "timestamp": 1760793028.0952084,
  "experiment_name": "eegnet_lomso_fold022_test22",
  "model_str": "eegnet"
}