{
  "epoch": 1,
  "train_loss": 0.8204249143600464,
  "train_accuracy": 0.5593137145042419,
  "scheduler_lr": 0.001,
  "val_loss": 0.6613998413085938,
  "val_accuracy": 0.6424999833106995,
  "timestamp": 1760641299.8471968,
  "experiment_name": "deepconvnet_lomso_fold025_test25",
  "model_str": "deepconvnet"
}