{"epoch": 31, "train_loss": 0.33800452947616577, "train_accuracy": 0.8482353091239929, "scheduler_lr": 0.001, "best_val_accuracy": 0.6424999833106995, "best_val_loss": Infinity, "best_val_epoch": 0, "patience_counter": 0}