{
  "epoch": 31,
  "train_loss": 0.33800452947616577,
  "train_accuracy": 0.8482353091239929,
  "scheduler_lr": 0.001,
  "timestamp": 1760641835.6621013,
  "experiment_name": "deepconvnet_lomso_fold025_test25",
  "model_str": "deepconvnet"
}