{
  "epoch": 31,
  "train_loss": 0.4346363842487335,
  "train_accuracy": 0.7985784411430359,
  "scheduler_lr": 0.001,
  "timestamp": 1760785431.656437,
  "experiment_name": "eegnet_lomso_fold001_test1",
  "model_str": "eegnet"
}