{"epoch": 31, "train_loss": 0.4346363842487335, "train_accuracy": 0.7985784411430359, "scheduler_lr": 0.001, "best_val_accuracy": 0.5824999809265137, "best_val_loss": Infinity, "best_val_epoch": 0, "patience_counter": 0}