{
  "epoch": 1,
  "train_loss": 0.8337789177894592,
  "train_accuracy": 0.5552940964698792,
  "scheduler_lr": 0.001,
  "val_loss": 0.6350904107093811,
  "val_accuracy": 0.6349999904632568,
  "timestamp": 1760655808.4542537,
  "experiment_name": "deepconvnet_lomso_fold047_test47",
  "model_str": "deepconvnet"
}