{"epoch": 31, "train_loss": 0.3330186605453491, "train_accuracy": 0.8511274456977844, "scheduler_lr": 0.001, "best_val_accuracy": 0.6349999904632568, "best_val_loss": Infinity, "best_val_epoch": 0, "patience_counter": 0}