{"epoch": 31, "train_loss": 0.32235607504844666, "train_accuracy": 0.8558823466300964, "scheduler_lr": 0.001, "best_val_accuracy": 0.5787500143051147, "best_val_loss": Infinity, "best_val_epoch": 0, "patience_counter": 0}