{
  "epoch": 1,
  "train_loss": 0.8290241956710815,
  "train_accuracy": 0.5592156648635864,
  "scheduler_lr": 0.001,
  "val_loss": 0.6691731810569763,
  "val_accuracy": 0.6225000023841858,
  "timestamp": 1760658517.1871088,
  "experiment_name": "deepconvnet_lomso_fold051_test51",
  "model_str": "deepconvnet"
}