{"epoch": 31, "train_loss": 0.3382209539413452, "train_accuracy": 0.8489215970039368, "scheduler_lr": 0.001, "best_val_accuracy": 0.6225000023841858, "best_val_loss": Infinity, "best_val_epoch": 0, "patience_counter": 0}