{"epoch": 31, "train_loss": 0.32781684398651123, "train_accuracy": 0.8518137335777283, "scheduler_lr": 0.001, "best_val_accuracy": 0.6449999809265137, "best_val_loss": Infinity, "best_val_epoch": 0, "patience_counter": 0}