{
  "epoch": 1,
  "train_loss": 0.816398561000824,
  "train_accuracy": 0.5606862902641296,
  "scheduler_lr": 0.001,
  "val_loss": 0.6280392408370972,
  "val_accuracy": 0.6512500047683716,
  "timestamp": 1760637458.6876454,
  "experiment_name": "deepconvnet_lomso_fold019_test19",
  "model_str": "deepconvnet"
}