{"epoch": 31, "train_loss": 0.33289724588394165, "train_accuracy": 0.8493627309799194, "scheduler_lr": 0.001, "best_val_accuracy": 0.6537500023841858, "best_val_loss": Infinity, "best_val_epoch": 0, "patience_counter": 0}