{
  "epoch": 1,
  "train_loss": 0.6560993790626526,
  "train_accuracy": 0.5933333039283752,
  "scheduler_lr": 0.001,
  "val_loss": 0.5597546696662903,
  "val_accuracy": 0.706250011920929,
  "timestamp": 1760801056.207114,
  "experiment_name": "eegnet_lomso_fold045_test45",
  "model_str": "eegnet"
}