{
  "epoch": 31,
  "train_loss": 0.45004886388778687,
  "train_accuracy": 0.7906372547149658,
  "scheduler_lr": 0.001,
  "timestamp": 1760801334.5248384,
  "experiment_name": "eegnet_lomso_fold045_test45",
  "model_str": "eegnet"
}