{"epoch": 31, "train_loss": 0.45004886388778687, "train_accuracy": 0.7906372547149658, "scheduler_lr": 0.001, "best_val_accuracy": 0.706250011920929, "best_val_loss": Infinity, "best_val_epoch": 0, "patience_counter": 0}