{"epoch": 31, "train_loss": 0.3372407555580139, "train_accuracy": 0.8487018942832947, "scheduler_lr": 0.002, "best_val_accuracy": 0.4975000023841858, "best_val_loss": Infinity, "best_val_epoch": 0, "patience_counter": 0}