{"epoch": 31, "train_loss": 0.3244638442993164, "train_accuracy": 0.8538461327552795, "scheduler_lr": 0.002, "best_val_accuracy": 0.47749999165534973, "best_val_loss": Infinity, "best_val_epoch": 0, "patience_counter": 0}