{
  "epoch": 31,
  "train_loss": 0.3244638442993164,
  "train_accuracy": 0.8538461327552795,
  "scheduler_lr": 0.002,
  "timestamp": 1760496274.5587196,
  "experiment_name": "labram_lomso_fold023_test23",
  "model_str": "labram"
}