{"epoch": 31, "train_loss": 0.344512403011322, "train_accuracy": 0.8440195918083191, "scheduler_lr": 0.001, "best_val_accuracy": 0.6499999761581421, "best_val_loss": Infinity, "best_val_epoch": 0, "patience_counter": 0}