{"epoch": 31, "train_loss": 0.4126774072647095, "train_accuracy": 0.8079901933670044, "scheduler_lr": 0.001, "best_val_accuracy": 0.699999988079071, "best_val_loss": Infinity, "best_val_epoch": 0, "patience_counter": 0}