{
  "epoch": 1,
  "train_loss": 0.8030925393104553,
  "train_accuracy": 0.4972115457057953,
  "scheduler_lr": 0.002,
  "val_loss": 0.6989335417747498,
  "val_accuracy": 0.5,
  "timestamp": 1760490302.5970256,
  "experiment_name": "labram_lomso_fold018_test18",
  "model_str": "labram"
}