{
  "epoch": 31,
  "train_loss": 0.46230682730674744,
  "train_accuracy": 0.7809804081916809,
  "scheduler_lr": 0.001,
  "timestamp": 1760788687.6682155,
  "experiment_name": "eegnet_lomso_fold010_test10",
  "model_str": "eegnet"
}