{"epoch": 31, "train_loss": 0.46230682730674744, "train_accuracy": 0.7809804081916809, "scheduler_lr": 0.001, "best_val_accuracy": 0.5874999761581421, "best_val_loss": Infinity, "best_val_epoch": 0, "patience_counter": 0}