{"epoch": 31, "train_loss": 0.4015411138534546, "train_accuracy": 0.8126470446586609, "scheduler_lr": 0.001, "best_val_accuracy": 0.7012500166893005, "best_val_loss": Infinity, "best_val_epoch": 0, "patience_counter": 0}