{
  "epoch": 1,
  "train_loss": 0.6588090062141418,
  "train_accuracy": 0.5938235521316528,
  "scheduler_lr": 0.001,
  "val_loss": 0.557351291179657,
  "val_accuracy": 0.7049999833106995,
  "timestamp": 1760794193.2306528,
  "experiment_name": "eegnet_lomso_fold026_test26",
  "model_str": "eegnet"
}