{"epoch": 31, "train_loss": 0.40028440952301025, "train_accuracy": 0.8155882358551025, "scheduler_lr": 0.001, "best_val_accuracy": 0.7012500166893005, "best_val_loss": Infinity, "best_val_epoch": 0, "patience_counter": 0}