{
  "epoch": 1,
  "train_loss": 0.657809853553772,
  "train_accuracy": 0.5891176462173462,
  "scheduler_lr": 0.001,
  "val_loss": 0.5618330240249634,
  "val_accuracy": 0.7012500166893005,
  "timestamp": 1760800334.1476648,
  "experiment_name": "eegnet_lomso_fold043_test43",
  "model_str": "eegnet"
}