{"epoch": 31, "train_loss": 0.3296861946582794, "train_accuracy": 0.8505288362503052, "scheduler_lr": 0.002, "best_val_accuracy": 0.4749999940395355, "best_val_loss": Infinity, "best_val_epoch": 0, "patience_counter": 0}