{"epoch": 31, "train_loss": 0.4644477069377899, "train_accuracy": 0.7799019813537598, "scheduler_lr": 0.001, "best_val_accuracy": 0.6075000166893005, "best_val_loss": Infinity, "best_val_epoch": 0, "patience_counter": 0}