{
  "epoch": 31,
  "train_loss": 0.4644477069377899,
  "train_accuracy": 0.7799019813537598,
  "scheduler_lr": 0.001,
  "timestamp": 1760787966.037472,
  "experiment_name": "eegnet_lomso_fold008_test8",
  "model_str": "eegnet"
}