{"epoch": 31, "train_loss": 0.35567739605903625, "train_accuracy": 0.8389903903007507, "scheduler_lr": 0.002, "best_val_accuracy": 0.5224999785423279, "best_val_loss": Infinity, "best_val_epoch": 0, "patience_counter": 0}