{
  "epoch": 31,
  "train_loss": 0.3374544084072113,
  "train_accuracy": 0.8466346263885498,
  "scheduler_lr": 0.002,
  "timestamp": 1760523826.556271,
  "experiment_name": "labram_lomso_fold047_test47",
  "model_str": "labram"
}