{"epoch": 31, "train_loss": 0.34179750084877014, "train_accuracy": 0.8438235521316528, "scheduler_lr": 0.001, "best_val_accuracy": 0.65625, "best_val_loss": Infinity, "best_val_epoch": 0, "patience_counter": 0}