{"epoch": 31, "train_loss": 0.32021570205688477, "train_accuracy": 0.856826901435852, "scheduler_lr": 0.002, "best_val_accuracy": 0.5475000143051147, "best_val_loss": Infinity, "best_val_epoch": 0, "patience_counter": 0}