{"epoch": 31, "train_loss": 0.3362841010093689, "train_accuracy": 0.8504807949066162, "scheduler_lr": 0.002, "best_val_accuracy": 0.45750001072883606, "best_val_loss": Infinity, "best_val_epoch": 0, "patience_counter": 0}