{
  "epoch": 31,
  "train_loss": 0.3362841010093689,
  "train_accuracy": 0.8504807949066162,
  "scheduler_lr": 0.002,
  "timestamp": 1760498444.169805,
  "experiment_name": "labram_lomso_fold025_test25",
  "model_str": "labram"
}