{"epoch": 31, "train_loss": 0.34086471796035767, "train_accuracy": 0.8455288410186768, "scheduler_lr": 0.002, "best_val_accuracy": 0.5149999856948853, "best_val_loss": Infinity, "best_val_epoch": 0, "patience_counter": 0}