{
  "epoch": 31,
  "train_loss": 0.4001442790031433,
  "train_accuracy": 0.8151470422744751,
  "scheduler_lr": 0.001,
  "timestamp": 1760802777.6576986,
  "experiment_name": "eegnet_lomso_fold049_test49",
  "model_str": "eegnet"
}