{"epoch": 31, "train_loss": 0.33297252655029297, "train_accuracy": 0.8502451181411743, "scheduler_lr": 0.001, "best_val_accuracy": 0.5637500286102295, "best_val_loss": Infinity, "best_val_epoch": 0, "patience_counter": 0}