{"epoch": 31, "train_loss": 0.3409043252468109, "train_accuracy": 0.8475961685180664, "scheduler_lr": 0.002, "best_val_accuracy": 0.5249999761581421, "best_val_loss": Infinity, "best_val_epoch": 0, "patience_counter": 0}