{"epoch": 31, "train_loss": 0.3319942057132721, "train_accuracy": 0.8497549295425415, "scheduler_lr": 0.001, "best_val_accuracy": 0.6387500166893005, "best_val_loss": Infinity, "best_val_epoch": 0, "patience_counter": 0}