{
  "epoch": 31,
  "train_loss": 0.46763744950294495,
  "train_accuracy": 0.778333306312561,
  "scheduler_lr": 0.001,
  "timestamp": 1760804582.7736382,
  "experiment_name": "eegnet_lomso_fold054_test54",
  "model_str": "eegnet"
}