{
  "epoch": 1,
  "train_loss": 0.8148511052131653,
  "train_accuracy": 0.5624510049819946,
  "scheduler_lr": 0.001,
  "val_loss": 0.7237852215766907,
  "val_accuracy": 0.5662500262260437,
  "timestamp": 1760634833.8930588,
  "experiment_name": "deepconvnet_lomso_fold015_test15",
  "model_str": "deepconvnet"
}