{"epoch": 31, "train_loss": 0.32909026741981506, "train_accuracy": 0.8511274456977844, "scheduler_lr": 0.001, "best_val_accuracy": 0.5662500262260437, "best_val_loss": Infinity, "best_val_epoch": 0, "patience_counter": 0}