{"epoch": 31, "train_loss": 0.33510297536849976, "train_accuracy": 0.8473076820373535, "scheduler_lr": 0.002, "best_val_accuracy": 0.5099999904632568, "best_val_loss": Infinity, "best_val_epoch": 0, "patience_counter": 0}