{"epoch": 31, "train_loss": 0.33039888739585876, "train_accuracy": 0.8507211804389954, "scheduler_lr": 0.002, "best_val_accuracy": 0.47999998927116394, "best_val_loss": Infinity, "best_val_epoch": 0, "patience_counter": 0}