{"epoch": 31, "train_loss": 0.3346537947654724, "train_accuracy": 0.8495097756385803, "scheduler_lr": 0.001, "best_val_accuracy": 0.6387500166893005, "best_val_loss": Infinity, "best_val_epoch": 0, "patience_counter": 0}