{"epoch": 31, "train_loss": 0.33842334151268005, "train_accuracy": 0.8477404117584229, "scheduler_lr": 0.002, "best_val_accuracy": 0.5325000286102295, "best_val_loss": Infinity, "best_val_epoch": 0, "patience_counter": 0}