{
  "epoch": 1,
  "train_loss": 0.8371789455413818,
  "train_accuracy": 0.503125011920929,
  "scheduler_lr": 0.002,
  "val_loss": 0.7034551501274109,
  "val_accuracy": 0.4975000023841858,
  "timestamp": 1760487103.293003,
  "experiment_name": "labram_lomso_fold015_test15",
  "model_str": "labram"
}