{
  "epoch": 31,
  "train_loss": 0.33039888739585876,
  "train_accuracy": 0.8507211804389954,
  "scheduler_lr": 0.002,
  "timestamp": 1760487690.830272,
  "experiment_name": "labram_lomso_fold015_test15",
  "model_str": "labram"
}