{
  "epoch": 1,
  "train_loss": 0.6566561460494995,
  "train_accuracy": 0.5943137407302856,
  "scheduler_lr": 0.001,
  "val_loss": 0.5554508566856384,
  "val_accuracy": 0.7074999809265137,
  "timestamp": 1760793471.299822,
  "experiment_name": "eegnet_lomso_fold024_test24",
  "model_str": "eegnet"
}