{
  "epoch": 1,
  "train_loss": 0.6566192507743835,
  "train_accuracy": 0.5950000286102295,
  "scheduler_lr": 0.001,
  "val_loss": 0.5860360860824585,
  "val_accuracy": 0.6650000214576721,
  "timestamp": 1760791302.9122243,
  "experiment_name": "eegnet_lomso_fold018_test18",
  "model_str": "eegnet"
}