{
  "epoch": 31,
  "train_loss": 0.3250953257083893,
  "train_accuracy": 0.8558823466300964,
  "scheduler_lr": 0.001,
  "timestamp": 1760638629.9324286,
  "experiment_name": "deepconvnet_lomso_fold020_test20",
  "model_str": "deepconvnet"
}