{"epoch": 31, "train_loss": 0.3250953257083893, "train_accuracy": 0.8558823466300964, "scheduler_lr": 0.001, "best_val_accuracy": 0.6487500071525574, "best_val_loss": Infinity, "best_val_epoch": 0, "patience_counter": 0}