{"epoch": 31, "train_loss": 0.3353230357170105, "train_accuracy": 0.8470588326454163, "scheduler_lr": 0.001, "best_val_accuracy": 0.643750011920929, "best_val_loss": Infinity, "best_val_epoch": 0, "patience_counter": 0}