{
  "epoch": 31,
  "train_loss": 0.3401656448841095,
  "train_accuracy": 0.8465686440467834,
  "scheduler_lr": 0.001,
  "timestamp": 1760657733.6336222,
  "experiment_name": "deepconvnet_lomso_fold049_test49",
  "model_str": "deepconvnet"
}