{"epoch": 31, "train_loss": 0.3401656448841095, "train_accuracy": 0.8465686440467834, "scheduler_lr": 0.001, "best_val_accuracy": 0.6299999952316284, "best_val_loss": Infinity, "best_val_epoch": 0, "patience_counter": 0}