{
  "epoch": 1,
  "train_loss": 0.8084737658500671,
  "train_accuracy": 0.5656862854957581,
  "scheduler_lr": 0.001,
  "val_loss": 0.6678638458251953,
  "val_accuracy": 0.6474999785423279,
  "timestamp": 1760636131.2372453,
  "experiment_name": "deepconvnet_lomso_fold017_test17",
  "model_str": "deepconvnet"
}