{"epoch": 31, "train_loss": 0.34082770347595215, "train_accuracy": 0.8487744927406311, "scheduler_lr": 0.001, "best_val_accuracy": 0.6312500238418579, "best_val_loss": Infinity, "best_val_epoch": 0, "patience_counter": 0}