{
  "epoch": 1,
  "train_loss": 0.6562964916229248,
  "train_accuracy": 0.5936764478683472,
  "scheduler_lr": 0.001,
  "val_loss": 0.5856631398200989,
  "val_accuracy": 0.668749988079071,
  "timestamp": 1760790940.5012105,
  "experiment_name": "eegnet_lomso_fold017_test17",
  "model_str": "eegnet"
}