{"epoch": 31, "train_loss": 0.3290340304374695, "train_accuracy": 0.8540686368942261, "scheduler_lr": 0.001, "best_val_accuracy": 0.5674999952316284, "best_val_loss": Infinity, "best_val_epoch": 0, "patience_counter": 0}