{
  "epoch": 31,
  "train_loss": 0.3426125943660736,
  "train_accuracy": 0.8465686440467834,
  "scheduler_lr": 0.001,
  "timestamp": 1760649648.1762054,
  "experiment_name": "deepconvnet_lomso_fold037_test37",
  "model_str": "deepconvnet"
}