{
  "epoch": 1,
  "train_loss": 0.8271572589874268,
  "train_accuracy": 0.5618137121200562,
  "scheduler_lr": 0.001,
  "val_loss": 0.618988037109375,
  "val_accuracy": 0.6362500190734863,
  "timestamp": 1760653124.6828423,
  "experiment_name": "deepconvnet_lomso_fold043_test43",
  "model_str": "deepconvnet"
}