{
  "epoch": 31,
  "train_loss": 0.3322036564350128,
  "train_accuracy": 0.8499509692192078,
  "scheduler_lr": 0.001,
  "timestamp": 1760653688.193591,
  "experiment_name": "deepconvnet_lomso_fold043_test43",
  "model_str": "deepconvnet"
}