{"epoch": 31, "train_loss": 0.3322036564350128, "train_accuracy": 0.8499509692192078, "scheduler_lr": 0.001, "best_val_accuracy": 0.6362500190734863, "best_val_loss": Infinity, "best_val_epoch": 0, "patience_counter": 0}