{
  "epoch": 31,
  "train_loss": 0.45368537306785583,
  "train_accuracy": 0.7874019742012024,
  "scheduler_lr": 0.001,
  "timestamp": 1760787241.9055064,
  "experiment_name": "eegnet_lomso_fold006_test6",
  "model_str": "eegnet"
}