{"epoch": 31, "train_loss": 0.45876747369766235, "train_accuracy": 0.7836764454841614, "scheduler_lr": 0.001, "best_val_accuracy": 0.5950000286102295, "best_val_loss": Infinity, "best_val_epoch": 0, "patience_counter": 0}