{
  "epoch": 1,
  "train_loss": 0.6574743986129761,
  "train_accuracy": 0.5912744998931885,
  "scheduler_lr": 0.001,
  "val_loss": 0.555489718914032,
  "val_accuracy": 0.7012500166893005,
  "timestamp": 1760798530.6551673,
  "experiment_name": "eegnet_lomso_fold038_test38",
  "model_str": "eegnet"
}