{
  "epoch": 31,
  "train_loss": 0.3958430886268616,
  "train_accuracy": 0.8179411888122559,
  "scheduler_lr": 0.001,
  "timestamp": 1760798808.8837194,
  "experiment_name": "eegnet_lomso_fold038_test38",
  "model_str": "eegnet"
}