{"epoch": 31, "train_loss": 0.3958430886268616, "train_accuracy": 0.8179411888122559, "scheduler_lr": 0.001, "best_val_accuracy": 0.7012500166893005, "best_val_loss": Infinity, "best_val_epoch": 0, "patience_counter": 0}