{"epoch": 31, "train_loss": 0.46996644139289856, "train_accuracy": 0.7749509811401367, "scheduler_lr": 0.001, "best_val_accuracy": 0.6662499904632568, "best_val_loss": Infinity, "best_val_epoch": 0, "patience_counter": 0}