{
  "epoch": 31,
  "train_loss": 0.46996644139289856,
  "train_accuracy": 0.7749509811401367,
  "scheduler_lr": 0.001,
  "timestamp": 1760791943.519496,
  "experiment_name": "eegnet_lomso_fold019_test19",
  "model_str": "eegnet"
}