{
  "epoch": 31,
  "train_loss": 0.44839081168174744,
  "train_accuracy": 0.7900000214576721,
  "scheduler_lr": 0.001,
  "timestamp": 1760789411.7357843,
  "experiment_name": "eegnet_lomso_fold012_test12",
  "model_str": "eegnet"
}