{"epoch": 31, "train_loss": 0.44839081168174744, "train_accuracy": 0.7900000214576721, "scheduler_lr": 0.001, "best_val_accuracy": 0.5912500023841858, "best_val_loss": Infinity, "best_val_epoch": 0, "patience_counter": 0}