{
  "epoch": 1,
  "train_loss": 0.6579270958900452,
  "train_accuracy": 0.5940195918083191,
  "scheduler_lr": 0.001,
  "val_loss": 0.556114137172699,
  "val_accuracy": 0.706250011920929,
  "timestamp": 1760795639.2866454,
  "experiment_name": "eegnet_lomso_fold030_test30",
  "model_str": "eegnet"
}