{"epoch": 31, "train_loss": 0.4061572253704071, "train_accuracy": 0.8146568536758423, "scheduler_lr": 0.001, "best_val_accuracy": 0.706250011920929, "best_val_loss": Infinity, "best_val_epoch": 0, "patience_counter": 0}