{
  "epoch": 31,
  "train_loss": 0.4061572253704071,
  "train_accuracy": 0.8146568536758423,
  "scheduler_lr": 0.001,
  "timestamp": 1760795917.7692714,
  "experiment_name": "eegnet_lomso_fold030_test30",
  "model_str": "eegnet"
}