{
  "epoch": 1,
  "train_loss": 0.6574055552482605,
  "train_accuracy": 0.591911792755127,
  "scheduler_lr": 0.001,
  "val_loss": 0.5585182309150696,
  "val_accuracy": 0.706250011920929,
  "timestamp": 1760799972.7566664,
  "experiment_name": "eegnet_lomso_fold042_test42",
  "model_str": "eegnet"
}