{"epoch": 31, "train_loss": 0.3249872624874115, "train_accuracy": 0.8516826629638672, "scheduler_lr": 0.002, "best_val_accuracy": 0.5149999856948853, "best_val_loss": Infinity, "best_val_epoch": 0, "patience_counter": 0}