{"epoch": 31, "train_loss": 0.3397423326969147, "train_accuracy": 0.8461764454841614, "scheduler_lr": 0.001, "best_val_accuracy": 0.6324999928474426, "best_val_loss": Infinity, "best_val_epoch": 0, "patience_counter": 0}