{
  "epoch": 1,
  "train_loss": 0.8070898652076721,
  "train_accuracy": 0.5683823823928833,
  "scheduler_lr": 0.001,
  "val_loss": 0.7357921004295349,
  "val_accuracy": 0.5687500238418579,
  "timestamp": 1760629583.0525181,
  "experiment_name": "deepconvnet_lomso_fold007_test7",
  "model_str": "deepconvnet"
}