{"epoch": 31, "train_loss": 0.32947999238967896, "train_accuracy": 0.8517156839370728, "scheduler_lr": 0.001, "best_val_accuracy": 0.5687500238418579, "best_val_loss": Infinity, "best_val_epoch": 0, "patience_counter": 0}