{"epoch": 31, "train_loss": 0.31824856996536255, "train_accuracy": 0.8557211756706238, "scheduler_lr": 0.002, "best_val_accuracy": 0.4625000059604645, "best_val_loss": Infinity, "best_val_epoch": 0, "patience_counter": 0}