{
  "epoch": 1,
  "train_loss": 0.8148962259292603,
  "train_accuracy": 0.5642156600952148,
  "scheduler_lr": 0.001,
  "val_loss": 0.6773379445075989,
  "val_accuracy": 0.6474999785423279,
  "timestamp": 1760635472.6584258,
  "experiment_name": "deepconvnet_lomso_fold016_test16",
  "model_str": "deepconvnet"
}