{
  "epoch": 1,
  "train_loss": 0.810856282711029,
  "train_accuracy": 0.5651960968971252,
  "scheduler_lr": 0.001,
  "val_loss": 0.7378694415092468,
  "val_accuracy": 0.5562499761581421,
  "timestamp": 1760630250.874858,
  "experiment_name": "deepconvnet_lomso_fold008_test8",
  "model_str": "deepconvnet"
}