{"epoch": 31, "train_loss": 0.3276236057281494, "train_accuracy": 0.8544607758522034, "scheduler_lr": 0.001, "best_val_accuracy": 0.5562499761581421, "best_val_loss": Infinity, "best_val_epoch": 0, "patience_counter": 0}