{
  "epoch": 31,
  "train_loss": 0.3314780294895172,
  "train_accuracy": 0.8521568775177002,
  "scheduler_lr": 0.001,
  "timestamp": 1760627483.5765224,
  "experiment_name": "deepconvnet_lomso_fold003_test3",
  "model_str": "deepconvnet"
}