{
  "epoch": 31,
  "train_loss": 0.3240852355957031,
  "train_accuracy": 0.8552884459495544,
  "scheduler_lr": 0.002,
  "timestamp": 1760486622.5552225,
  "experiment_name": "labram_lomso_fold014_test14",
  "model_str": "labram"
}