{"epoch": 31, "train_loss": 0.3240852355957031, "train_accuracy": 0.8552884459495544, "scheduler_lr": 0.002, "best_val_accuracy": 0.48249998688697815, "best_val_loss": Infinity, "best_val_epoch": 0, "patience_counter": 0}