{
  "epoch": 1,
  "train_loss": 0.8148406147956848,
  "train_accuracy": 0.5637745261192322,
  "scheduler_lr": 0.001,
  "val_loss": 0.6337761878967285,
  "val_accuracy": 0.6412500143051147,
  "timestamp": 1760640660.4061143,
  "experiment_name": "deepconvnet_lomso_fold024_test24",
  "model_str": "deepconvnet"
}