{"epoch": 31, "train_loss": 0.3270229995250702, "train_accuracy": 0.8545098304748535, "scheduler_lr": 0.001, "best_val_accuracy": 0.6412500143051147, "best_val_loss": Infinity, "best_val_epoch": 0, "patience_counter": 0}