{
  "epoch": 1,
  "train_loss": 0.6557698249816895,
  "train_accuracy": 0.5934313535690308,
  "scheduler_lr": 0.001,
  "val_loss": 0.5552549362182617,
  "val_accuracy": 0.7049999833106995,
  "timestamp": 1760803942.7487144,
  "experiment_name": "eegnet_lomso_fold053_test53",
  "model_str": "eegnet"
}