{
  "epoch": 31,
  "train_loss": 0.45596492290496826,
  "train_accuracy": 0.7861274480819702,
  "scheduler_lr": 0.001,
  "timestamp": 1760804220.7648032,
  "experiment_name": "eegnet_lomso_fold053_test53",
  "model_str": "eegnet"
}