{"epoch": 31, "train_loss": 0.32869988679885864, "train_accuracy": 0.8519711494445801, "scheduler_lr": 0.002, "best_val_accuracy": 0.47999998927116394, "best_val_loss": Infinity, "best_val_epoch": 0, "patience_counter": 0}