{
  "epoch": 1,
  "train_loss": 0.6570646166801453,
  "train_accuracy": 0.5892646908760071,
  "scheduler_lr": 0.001,
  "val_loss": 0.5555906295776367,
  "val_accuracy": 0.7037500143051147,
  "timestamp": 1760799612.3096194,
  "experiment_name": "eegnet_lomso_fold041_test41",
  "model_str": "eegnet"
}