{"epoch": 31, "train_loss": 0.3970949947834015, "train_accuracy": 0.818823516368866, "scheduler_lr": 0.001, "best_val_accuracy": 0.7037500143051147, "best_val_loss": Infinity, "best_val_epoch": 0, "patience_counter": 0}