{"epoch": 31, "train_loss": 0.3416264057159424, "train_accuracy": 0.8446568846702576, "scheduler_lr": 0.001, "best_val_accuracy": 0.6549999713897705, "best_val_loss": Infinity, "best_val_epoch": 0, "patience_counter": 0}