{"epoch": 31, "train_loss": 0.4715403914451599, "train_accuracy": 0.774313747882843, "scheduler_lr": 0.001, "best_val_accuracy": 0.668749988079071, "best_val_loss": Infinity, "best_val_epoch": 0, "patience_counter": 0}