{"epoch": 31, "train_loss": 0.39827653765678406, "train_accuracy": 0.8160784244537354, "scheduler_lr": 0.001, "best_val_accuracy": 0.7012500166893005, "best_val_loss": Infinity, "best_val_epoch": 0, "patience_counter": 0}