{
  "epoch": 1,
  "train_loss": 0.6577500104904175,
  "train_accuracy": 0.589607834815979,
  "scheduler_lr": 0.001,
  "val_loss": 0.5549901127815247,
  "val_accuracy": 0.699999988079071,
  "timestamp": 1760798891.414149,
  "experiment_name": "eegnet_lomso_fold039_test39",
  "model_str": "eegnet"
}