{"epoch": 31, "train_loss": 0.4000157117843628, "train_accuracy": 0.8155882358551025, "scheduler_lr": 0.001, "best_val_accuracy": 0.699999988079071, "best_val_loss": Infinity, "best_val_epoch": 0, "patience_counter": 0}