{"epoch": 31, "train_loss": 0.31973108649253845, "train_accuracy": 0.8597115278244019, "scheduler_lr": 0.002, "best_val_accuracy": 0.4749999940395355, "best_val_loss": Infinity, "best_val_epoch": 0, "patience_counter": 0}