{
  "epoch": 31,
  "train_loss": 0.33250904083251953,
  "train_accuracy": 0.8532353043556213,
  "scheduler_lr": 0.001,
  "timestamp": 1760640555.887253,
  "experiment_name": "deepconvnet_lomso_fold023_test23",
  "model_str": "deepconvnet"
}