{"epoch": 31, "train_loss": 0.40668582916259766, "train_accuracy": 0.8133333325386047, "scheduler_lr": 0.001, "best_val_accuracy": 0.6962500214576721, "best_val_loss": Infinity, "best_val_epoch": 0, "patience_counter": 0}