{
  "epoch": 31,
  "train_loss": 0.40668582916259766,
  "train_accuracy": 0.8133333325386047,
  "scheduler_lr": 0.001,
  "timestamp": 1760796999.810602,
  "experiment_name": "eegnet_lomso_fold033_test33",
  "model_str": "eegnet"
}