{
  "epoch": 1,
  "train_loss": 0.656622052192688,
  "train_accuracy": 0.5919607877731323,
  "scheduler_lr": 0.001,
  "val_loss": 0.560809850692749,
  "val_accuracy": 0.699999988079071,
  "timestamp": 1760800695.5646708,
  "experiment_name": "eegnet_lomso_fold044_test44",
  "model_str": "eegnet"
}