{"epoch": 31, "train_loss": 0.4046972990036011, "train_accuracy": 0.8122059106826782, "scheduler_lr": 0.001, "best_val_accuracy": 0.699999988079071, "best_val_loss": Infinity, "best_val_epoch": 0, "patience_counter": 0}