{"epoch": 31, "train_loss": 0.3275592625141144, "train_accuracy": 0.8527941107749939, "scheduler_lr": 0.001, "best_val_accuracy": 0.5537499785423279, "best_val_loss": Infinity, "best_val_epoch": 0, "patience_counter": 0}