{"epoch": 31, "train_loss": 0.34286248683929443, "train_accuracy": 0.8475980162620544, "scheduler_lr": 0.001, "best_val_accuracy": 0.6349999904632568, "best_val_loss": Infinity, "best_val_epoch": 0, "patience_counter": 0}