{
  "epoch": 1,
  "train_loss": 0.8326933979988098,
  "train_accuracy": 0.5480391979217529,
  "scheduler_lr": 0.001,
  "val_loss": 0.6047862768173218,
  "val_accuracy": 0.6349999904632568,
  "timestamp": 1760647762.4527578,
  "experiment_name": "deepconvnet_lomso_fold035_test35",
  "model_str": "deepconvnet"
}