{"epoch": 31, "train_loss": 0.32158923149108887, "train_accuracy": 0.8570588231086731, "scheduler_lr": 0.001, "best_val_accuracy": 0.5637500286102295, "best_val_loss": Infinity, "best_val_epoch": 0, "patience_counter": 0}