{
  "epoch": 1,
  "train_loss": 0.794445812702179,
  "train_accuracy": 0.5010576844215393,
  "scheduler_lr": 0.002,
  "val_loss": 0.7197096347808838,
  "val_accuracy": 0.512499988079071,
  "timestamp": 1760477538.597922,
  "experiment_name": "labram_lomso_fold006_test6",
  "model_str": "labram"
}