{"epoch": 31, "train_loss": 0.3435535132884979, "train_accuracy": 0.8433653712272644, "scheduler_lr": 0.002, "best_val_accuracy": 0.512499988079071, "best_val_loss": Infinity, "best_val_epoch": 0, "patience_counter": 0}