{"epoch": 31, "train_loss": 0.4511350691318512, "train_accuracy": 0.7882843017578125, "scheduler_lr": 0.001, "best_val_accuracy": 0.7112500071525574, "best_val_loss": Infinity, "best_val_epoch": 0, "patience_counter": 0}