{
  "epoch": 1,
  "train_loss": 0.656919538974762,
  "train_accuracy": 0.5924999713897705,
  "scheduler_lr": 0.001,
  "val_loss": 0.5580651760101318,
  "val_accuracy": 0.7112500071525574,
  "timestamp": 1760803221.425507,
  "experiment_name": "eegnet_lomso_fold051_test51",
  "model_str": "eegnet"
}