{"epoch": 31, "train_loss": 0.34269192814826965, "train_accuracy": 0.8469117879867554, "scheduler_lr": 0.001, "best_val_accuracy": 0.6512500047683716, "best_val_loss": Infinity, "best_val_epoch": 0, "patience_counter": 0}