{"epoch": 31, "train_loss": 0.3258580267429352, "train_accuracy": 0.8524038195610046, "scheduler_lr": 0.002, "best_val_accuracy": 0.4925000071525574, "best_val_loss": Infinity, "best_val_epoch": 0, "patience_counter": 0}