{"epoch": 31, "train_loss": 0.33598098158836365, "train_accuracy": 0.8471634387969971, "scheduler_lr": 0.002, "best_val_accuracy": 0.5174999833106995, "best_val_loss": Infinity, "best_val_epoch": 0, "patience_counter": 0}