{"epoch": 31, "train_loss": 0.3236117660999298, "train_accuracy": 0.8526923060417175, "scheduler_lr": 0.002, "best_val_accuracy": 0.5199999809265137, "best_val_loss": Infinity, "best_val_epoch": 0, "patience_counter": 0}