{
  "epoch": 31,
  "train_loss": 0.47367143630981445,
  "train_accuracy": 0.7718627452850342,
  "scheduler_lr": 0.001,
  "timestamp": 1760796639.6306179,
  "experiment_name": "eegnet_lomso_fold032_test32",
  "model_str": "eegnet"
}