{"epoch": 31, "train_loss": 0.39663761854171753, "train_accuracy": 0.8170098066329956, "scheduler_lr": 0.001, "best_val_accuracy": 0.7074999809265137, "best_val_loss": Infinity, "best_val_epoch": 0, "patience_counter": 0}