{"epoch": 31, "train_loss": 0.34478574991226196, "train_accuracy": 0.8436057567596436, "scheduler_lr": 0.002, "best_val_accuracy": 0.5074999928474426, "best_val_loss": Infinity, "best_val_epoch": 0, "patience_counter": 0}