{"epoch": 31, "train_loss": 0.3274601399898529, "train_accuracy": 0.8525961637496948, "scheduler_lr": 0.002, "best_val_accuracy": 0.5099999904632568, "best_val_loss": Infinity, "best_val_epoch": 0, "patience_counter": 0}