{"epoch": 31, "train_loss": 0.4651254713535309, "train_accuracy": 0.7803921699523926, "scheduler_lr": 0.001, "best_val_accuracy": 0.6012499928474426, "best_val_loss": Infinity, "best_val_epoch": 0, "patience_counter": 0}